"Days","1_Mon","2_Mon","3_Mon","4_Mon","5_Mon","6_Mon","7_Mon","8_Mon","9_Mon","10_Mon","11_Mon","12_Mon"
1,0.19,0.23,0.28,0.32,0.37,0.41,0.47,0.51,0.55,0.59,0.64,0.69
2,0.318705152218231,-0.503000019861329,3.26518273530236,6.12852340355798,2.25459862866381,-1.71587107286147,1.08599777842674,-1.17936015732623,0.669992831814517,3.83711784356469,0.389321195787498,1.55172826541819
3,0.837359976347023,-0.530146335893386,1.66942660121474,9.7640854705079,-0.418007935101544,0.051680061567327,0.704009697435238,-2.02216436052504,0.558756543530513,2.46038768161474,0.376763875107067,1.98165180965779
4,0.880859023900646,-2.41698495799868,1.35978103966766,5.27392710829476,-1.00193437403523,-1.61874319062919,-0.376981647326597,0.527064278609185,0.435008101224376,-0.377419471009813,0.710014373102935,3.42446838539012
5,1.05107803562065,-1.73464299984749,1.40998160665192,13.7181233658217,-2.81624545221221,-0.692290788971193,-0.953835302409702,0.01305695762965,-0.12249514989197,1.16003172456699,1.27316807175315,3.77917485890414
6,0.963139424753671,-2.69172941496053,0.820615746907805,18.6022233785315,-5.03198993069035,-1.73348201741436,-2.11649994187146,-1.8736367740608,0.185674518191619,0.215507023600443,1.53817700078995,2.9805649535107
7,0.375603585988772,-1.86823175496256,-0.047618103914746,11.0505634507558,-6.81804095375274,2.30043493469143,-2.67372757588469,-3.50200828467767,0.42440164044671,-0.218817937568427,1.02847730171396,2.9629261785592
8,0.392833143143801,-1.96162388723578,-2.39425038996111,11.1260302817322,-9.45614560402562,0.338128453011895,-2.11684800514086,-1.33983155042435,0.992619704995206,-0.60867984771464,1.35358024802598,2.93839875887355
9,-1.09613896406326,-2.98126719632218,0.0153360868724404,15.5369010927275,-10.0283891107273,3.47761299819704,-1.79860111344547,0.101549525893283,0.648359284297268,1.66368887539895,1.85950369994054,1.41091200027724
10,-1.48608138223919,-5.39626354776302,-4.28918674927053,5.25012989074649,-7.50340992245722,7.27578722149512,-1.17773152678514,-0.71124182473526,0.703313547096515,1.48718254315105,1.83000491115872,2.12499809617713
11,-3.19330171952211,-4.6229727747404,-3.2914564726674,17.8559237914287,-10.0553967297713,3.81202564624557,-0.77698308953125,-0.737916291607846,1.10909902556221,5.0401172265478,1.54444812150581,1.50113239773372
12,-4.00114356657999,-5.75277100377718,1.62911156276831,21.6863781876364,-9.85141245929419,8.45782374455609,-0.734385508329458,-1.86138302838059,1.17469064839799,4.4655401394704,1.35977053668384,1.0317402229002
13,-5.00611708905319,-7.90944298057237,2.92160175636917,9.50416389667661,-13.4691574957832,10.7837547748701,-1.96505252610051,0.783772112938713,1.0054153865375,5.63269587254351,1.53438969092438,0.626140684126457
14,-5.31486244863791,-9.37490842366208,1.78385580122292,15.8028638802694,-14.0733866122051,11.4096375259775,-2.85814647009605,-1.83294364121376,0.850713454093308,4.37617366228154,1.59185157726318,1.4503479212854
15,-4.46796747748444,-10.2515648638937,-2.22486440687022,23.1476271199837,-15.3661734191259,11.9820842774018,-1.9976129885971,-0.44500277866718,0.55732537712047,6.19677225814568,0.356295179791916,0.83371686639033
16,-2.67431022737103,-10.2415797877465,-3.64209495316706,21.4725988980104,-15.4758147515796,5.57246301984579,-2.42129254395563,-0.407501492567175,0.326340350152441,5.11824365451604,0.552842850299523,0.144716169037838
17,-2.96645771181785,-11.7258079830176,-5.13296498612348,6.5385581611753,-15.6116667368472,6.73132291740867,-3.19105800643225,0.0358116198227701,-0.101175717858399,5.8131640379351,1.97011611133492,0.930571870287955
18,-2.342313023984,-12.5508300346305,-6.61983221138407,17.1801383962744,-19.1729879518007,6.72612408322312,-3.39993658613943,0.704316341804028,0.0362701492435556,5.9025798727211,1.88589760931439,1.09009611595197
19,-2.34450577484794,-13.1762396063173,-5.36570866111508,12.7262386560823,-20.4783677445898,8.66526470492994,-4.39182140746183,2.88268498375884,0.567983388718413,8.47043713300356,1.73948703041944,1.47480925764937
20,-1.73110559086396,-11.9644909697979,-5.91178848806754,11.204946448825,-18.3387279550606,9.72514391064073,-4.42816346380213,3.56411664637692,1.22097885817741,9.32774413139677,1.22386870670287,1.61402102452079
21,-2.61898676077528,-12.5215722979636,-0.394103513055706,2.19916281410848,-19.8706553187868,7.50926916995371,-5.0635789701084,3.01174018705993,0.539861860625434,9.88815239717113,1.24635104289682,1.78079211295056
22,-3.28399551514119,-14.0222674174679,-0.169957314053729,11.2605442375997,-17.4133618126195,7.49842254351994,-5.01618147530235,2.03921749375694,0.23534281968018,7.75918713642158,1.85181266500242,1.61679386824319
23,-2.0333248884858,-14.6919569585116,2.14187578583633,17.5259302565897,-17.5938159578477,10.3673177956731,-5.33207813467409,1.81238588007667,0.394405224947509,9.1885139112646,2.25927095096879,1.78113666057935
24,-2.52381317974269,-15.4490575282686,3.7663681787407,12.3666327549335,-17.4388613392882,9.99284160354853,-3.59902197785894,1.22049368370874,0.530901626971933,13.5112220128188,1.45093822193382,0.993118131459926
25,-2.59120515811962,-17.4073733495415,2.69426291290768,2.37862275055428,-15.4701939779996,11.2656189709117,-2.63774799418341,3.01180154275041,0.822020518085788,16.1093488084028,1.24117681909714,0.734157564423981
26,-2.41417307468366,-17.7607034973454,3.35243339996091,5.44026303690871,-13.2943832700667,11.5733484692528,-3.87988910769266,3.76830690042512,0.718797809790279,16.0237360481485,0.577525205353937,1.06429086188726
27,-2.86877111859803,-19.0679670990364,4.69844885232022,12.6878324049612,-14.8300520946463,9.13448439832999,-3.81227847474953,3.31140628345976,0.27464020000359,17.3366553085043,0.372864305694359,2.18550745637421
28,-2.99897348613153,-20.2205749079507,4.88923621343368,5.03275322273285,-14.3329654356662,8.78901135767259,-4.34988071777039,3.93610243123216,0.509163981997744,17.1436567713709,0.715708428126869,2.76121843992804
29,-3.46523667560956,-20.6946060765396,5.98194553945021,0.98121083849055,-14.7468479399448,6.72017503966513,-5.00867799055391,4.29079120645226,0.673821460459427,17.1351837073266,0.658416347130918,1.99199603967564
30,-2.83346821773977,-21.9054955203309,3.88309984565612,-1.49394790799819,-15.6587189287771,9.93641978907349,-5.88904535754757,2.20981282017777,0.830020916109386,18.2537486464431,0.360266283337054,2.32180556096746
31,-1.75433020945852,-21.7486036824165,5.87089459669305,7.70584546562701,-14.7573656648192,16.1077136655661,-6.27362071096926,1.67204144465702,1.16462017744428,15.2530514916423,1.31390707737214,3.24217500025611
32,-1.88343397415495,-21.5081151930946,4.49064416783531,7.89418157641451,-14.8084666800899,16.3356879787832,-5.23067608122128,1.30006398440317,1.44603833443775,14.4757892442999,1.3885118112752,2.21532001329849
33,-1.85360718432232,-20.9110755486361,8.3434777938312,5.11212289305538,-12.1590769505969,15.1019169357868,-5.60028164891246,1.78044548914456,1.30810089961908,14.1517197870386,1.15941701375051,2.32618395177901
34,-1.42468455362502,-21.1090095968078,9.21599312225471,10.4276140807383,-15.0010800903719,16.4090346676921,-5.74731678082372,0.44223990798442,1.52861683583298,13.7060354437543,0.549606071358123,1.06110982616031
35,-1.36503286857065,-20.8329121912021,8.56472486082366,10.2318321989245,-14.9968479414989,11.1517022347171,-6.13122176384698,2.25980932889364,1.76538418913859,15.1003993929885,0.799407604209288,-0.521704665849046
36,-1.44939611128248,-21.4787639762274,7.28084601622845,7.1519852838111,-17.8075306719703,13.0963440351608,-5.96195156220752,1.28903464972416,1.51662035482081,13.5515448989931,-0.112016764160557,0.360484176301765
37,-0.399928241838672,-21.6078299520011,6.24834920374692,3.39687366541161,-19.8022241982842,9.45970903140906,-5.34895317808028,1.52695518320385,1.53347187426337,16.5452721373508,-0.380116996362371,0.235302311367545
38,-1.08150181181326,-21.699346115351,6.39306975879863,11.3208725356323,-17.7040363622408,8.60148368237462,-4.02283648309105,0.0162133382600687,1.24837438556196,15.4006660057011,-1.2334294871696,0.788314502896887
39,-0.394559824504355,-21.9886183667307,6.79511643381181,17.8905778241268,-15.6425193788707,7.86916897675556,-3.97809934806955,-0.0863359835887818,0.685071872321417,15.3966343471675,-0.213954251262235,0.501190791167571
40,-0.394709267140088,-22.1432363744537,5.73814019303677,23.4023115974491,-15.8418112822657,7.91870308850522,-4.57554269118191,-1.97902182038024,1.39820478342796,17.3612797627513,-0.233834504730798,1.90295569871236
41,0.104815572438856,-21.9360771490828,6.79206067256043,23.5773248713615,-14.2491719393963,12.1264529255862,-3.60793092591126,-1.28011270923023,1.66452233488095,18.7220841824985,-0.0556639470920264,2.24464428265546
42,1.1929304146283,-23.2655852779966,7.09435146153074,28.9327104132684,-14.543472354244,14.6861319822068,-3.25171550891126,1.15570506781293,1.39058136559317,16.8480322031335,0.0483926958859645,2.44981405390414
43,0.61477134405486,-23.1244096163213,7.88896463417652,27.0811658098144,-13.989571006399,21.8710546656109,-2.89390164131868,1.07599003469343,1.03591345824928,17.6832738749721,-0.0405284619827807,2.50515980728285
44,1.09496613764849,-22.3498964909367,8.02542982228766,31.1935236606092,-13.7290773294498,26.604933085751,-3.23040796634877,1.67287516010279,1.22578028990058,23.5707251070472,-0.223287168958665,2.91623338345766
45,0.119976928423838,-21.0008135406309,7.60402347304194,29.3758144640015,-12.8670793843887,21.1130056958816,-3.42746238220414,3.50628952809954,0.715825254657088,25.2382034292873,-0.61270866859746,3.80641457993538
46,-0.638165242161017,-20.4457079313903,6.20705201169397,23.0428185542962,-11.7788271596305,17.1655930266876,-3.3604172277603,3.32002115775851,0.684721962341916,24.860713046597,0.291672659607394,3.75639698748977
47,-0.797860652359733,-19.7569029044405,7.22067724395584,7.70411225076581,-12.8727428149476,19.5145242494756,-5.20519575461611,4.50954995790092,0.694173149811782,25.4720899448679,0.545661315212948,3.61130497611404
48,0.22655254448334,-18.2498226594625,7.49826900056298,7.84829501640828,-15.603660705331,19.474772756232,-5.06419722114564,5.3882324156129,0.967886788187223,24.2252098200673,0.383793562368804,4.21035741521246
49,-0.691118141280607,-18.4327125155589,9.74638265514577,8.07678696503021,-18.6676526448268,22.1500551750424,-5.23372708979347,6.73611383914821,0.84197417101879,24.2794374925388,-0.0497823326558988,3.5026094584158
50,-0.436702968670286,-18.6568998958647,11.7257010219471,18.6187269733863,-16.1948185704044,19.1288026800991,-5.58511844930225,7.94761433187985,0.696032407888243,21.9460722605917,0.184968077004406,4.35498655742844
51,-0.5480899681721,-18.338442877363,14.7681957481097,-1.69602776719267,-17.6652050513298,20.1160209152593,-6.57015147479067,7.22345572475648,1.05751387450455,19.9029349443552,0.605391673964299,4.59442632777345
52,-0.813034766219001,-17.890662174989,14.230922370895,4.33825373101364,-18.658797385137,19.7042020446659,-7.26950710697742,4.61776241909472,0.863334904356201,19.9854273468927,1.22724989348349,4.45347676409828
53,-0.568412188578689,-19.1928270700285,13.7389781786494,1.64531082192013,-19.0380281395846,18.7438685848641,-7.86811723056787,5.07513017991175,0.195598058469654,18.8771608534432,1.97179306246497,3.58382173402205
54,-0.8497171917812,-19.0500086760633,14.9623831121283,-6.61425515950724,-17.0511159713726,19.1805275305567,-8.00329275640892,6.15976602810431,0.174601115240564,18.2436854727767,2.22773134355849,4.37689648223484
55,-2.28751819846284,-19.1026469449323,12.0481246469916,-5.67816445666831,-15.362993422011,17.214524081915,-9.95270141530006,5.4773824570614,0.381865765774853,20.5984648941563,2.08017038541647,5.4499082577762
56,-2.40120298809877,-20.1322421530012,12.2894209132889,1.66266229492666,-15.8416668865505,16.623886973619,-8.88266072668021,5.74122455686238,-0.140346268880315,21.0456842188384,1.51033114347598,6.1138571397399
57,-2.83429849421357,-21.2238413327728,9.77121824392469,-1.15714418323771,-11.9561451300312,13.999453423217,-10.2498199191038,5.23785013129399,0.232975949108947,19.9418418671097,1.39350000307384,5.86162376291434
58,-3.59569038046426,-20.9315120598271,12.1227752153463,6.88661715967149,-12.0558348669215,13.9095912005674,-10.1852591675044,5.53989088206889,0.358120578739801,22.7545562148967,1.68434040026902,4.85555752144358
59,-3.91124976513477,-20.0369849384494,14.5662556909622,7.38488662549007,-13.4080167589099,17.8993520846094,-11.2579882902389,4.81637092784566,0.569668728305306,21.9816206832848,1.63493057794356,3.55607035615889
60,-3.40799670740431,-21.508952346688,15.7268487841233,1.39983184551286,-13.7965122086816,16.9173317808094,-12.0486011049289,4.93756074990534,1.0234436392376,22.8326021713746,1.17102516502715,3.23089322638888
61,-3.41116409384328,-22.0693161155606,12.2142873596818,7.52710391699954,-17.190983867395,17.1197205965317,-12.9586037673436,5.13175758554656,1.80473563660781,20.1754194175856,0.986185808970102,4.214698666798
62,-3.75615062687591,-25.4291674539612,9.18717109406326,5.5314699292138,-17.6947996869105,14.8547661695783,-13.4195251509652,5.41403565495338,1.50684884442668,18.053933923897,0.730911161979988,4.78110347465838
63,-3.45671994029562,-28.1007989147412,6.84669806813992,1.32517726613437,-14.0764625077145,17.7110912919227,-12.9899433451357,5.01601058987926,1.37971834290746,18.8053790637392,0.831226549671053,3.94647160983789
64,-4.24079642982888,-27.9886678189469,7.18431878003082,5.15362240111947,-13.8228770174769,12.9170149629242,-12.4770060211317,4.45531924324646,1.12012311954266,16.9466318295508,0.964580418857593,3.1025025669162
65,-3.3981706063672,-27.8649755335478,7.92482132410945,-6.45391769884529,-13.78183634016,18.4176429471237,-12.5848595501934,3.37347432450352,1.33795049574045,16.2719728755799,1.05509256253211,2.84640679026641
66,-2.88113107202141,-26.585683750135,4.49302423551959,1.08615260883514,-15.5771537850108,17.507853551456,-12.5851789461865,3.42730564090563,1.35983775449374,20.1570565797988,1.47907105291569,3.70681903407014
67,-2.47435904353024,-25.3784145776372,5.5564522871735,-8.95288027489286,-15.9215902269524,15.8902655161683,-13.1442059797287,3.58951961000159,1.59402734784662,24.8117394524603,1.32713430655731,4.84363028479709
68,-1.92615611019002,-24.8939948571074,7.03874113925985,-8.07569826699376,-16.5986566397522,16.4469025634617,-13.3123709345945,2.56829505537618,1.79140459965099,24.4981601720639,0.946218260936456,6.00887077664167
69,-2.10806822104887,-24.192061365215,6.07899116394854,-17.5036783359152,-16.1853222623592,19.124208513221,-13.7564003027323,3.20186785358142,1.81671264715278,26.0468141239644,1.57266216824126,6.23512755494251
70,-1.93477907452471,-24.7903679571899,9.46200171882072,-16.922819614139,-15.3225515606618,20.8581619413655,-13.1571862918888,3.79524725798991,1.3823662142687,27.9073039143283,1.30641278313875,7.23084621138034
71,-2.58705596890026,-26.5333605107144,7.59120732094584,-22.2013478428275,-15.4466598328743,23.0345691195064,-11.5597763568793,6.29757904586989,1.67238668203282,26.1942644942288,1.82124371316819,5.9576660144902
72,-1.70648558781928,-26.4655507367307,10.7688494406765,-16.2261283460793,-14.1814400801128,22.6629746199668,-10.9659491731039,6.73455469139098,1.8693482507433,27.5370055152622,1.51823224024165,6.32649494077752
73,-1.19318426912734,-27.9578030415251,7.48461304830692,-8.52171546713734,-13.1334476574314,25.5429306997782,-11.2802220007911,8.57565345797881,1.73997669016993,27.0776229725981,1.27769781814738,6.95771807972445
74,-0.562987293176902,-27.3774772478525,9.61032293078106,-10.166888736186,-11.4698837369283,27.1458457373716,-10.7989867123315,9.00239609376119,1.43396696502281,28.5973109134293,2.05617018455001,7.22532617913947
75,-1.35022507395659,-28.0402512760605,8.27050776185556,-14.3054694635544,-14.9274765239025,23.6147318238116,-10.6330690678208,8.17121738537541,1.45419648751961,29.4730521457927,2.45448227285745,5.83100740988012
76,-2.4658675956914,-28.353987527252,11.5062936614653,-19.5852062657054,-14.8210528401894,14.7362472138967,-10.8481986133468,8.18254901145798,1.52312181166369,32.271623890904,2.60043534097479,5.86506798835975
77,-1.87037533072077,-28.0530729420118,11.9129919113393,-32.3416042894422,-15.4875831412266,18.468664893386,-10.9584910786064,6.73186485239027,1.79101086301678,36.4668039169761,2.22183198200121,6.4357311588469
78,-2.81129504958664,-27.8145941191566,9.98201467729362,-37.6318192589454,-13.4326522415296,18.4702811489441,-9.49419557379821,7.14347080688938,1.82598876633588,37.0741124819413,2.09629459722083,5.45125464876836
79,-3.0050656159802,-28.3207515361116,11.6894020015962,-42.1129904454611,-15.6010664562519,29.0552746607432,-8.37445459414809,6.82271114335411,1.18921914915918,33.5334072560289,2.1759702285879,4.61365713179461
80,-3.19937674204188,-27.7744493304566,13.9550971830219,-33.6954425930319,-13.8462738836311,30.3821043256053,-8.07654333995441,5.95099011339238,1.18325489189095,33.0142515763739,2.86491477732902,4.1397318029738
81,-2.40108947569122,-28.1460315902857,11.6843796292144,-35.9217471670978,-14.7696752831336,30.6971324270689,-7.45849769570059,5.4883176110688,0.783861301668998,30.4491291021923,2.8743211093175,4.78205703084252
82,-2.86131671358861,-27.5166560468184,15.5788552266519,-50.056428844112,-15.6635973903791,26.0579012998295,-8.173626316042,6.95521110656497,1.1271700452852,30.8192788869886,3.47210038680782,3.69621013923299
83,-2.60104149992665,-27.4473148433958,15.3594292817383,-57.3710779381344,-16.5654138775326,31.4986300560436,-7.74197025535622,8.52712514982426,0.908979110297354,29.8506075273941,3.73913508479437,3.90883846272155
84,-2.2747828481896,-27.7086628237437,15.6335740624117,-63.1946847187543,-19.9574897155852,31.0055892547697,-8.00295879016512,8.97969022611846,1.23709016903955,29.5206548310692,4.32111555381869,3.20589743181908
85,-1.68918741505897,-27.8758662457482,13.3181293357021,-59.4931513206033,-21.2621210591475,38.3221064027899,-7.73302200834801,10.074975379961,0.590703465359708,30.9209559518481,4.05161803848261,4.06868306869773
86,-1.40760706025949,-26.9093904712976,8.84492556829151,-58.0786939035471,-18.7896081205475,35.3897097035099,-7.79484252313022,11.1116038849957,0.185504670761248,30.6270379082345,4.5282623299203,3.76347500932954
87,-0.943934876571076,-26.1117790151646,5.48047942601903,-66.3961699137315,-20.568163543315,35.7482576671577,-6.35441833177632,11.0255818727812,0.131764123028252,32.5600005801111,4.231121656953,3.66180746394744
88,-0.855148421472051,-25.6907219259834,7.27906701655382,-55.0573502686107,-17.8052630511941,36.0602265831642,-6.69660018851299,12.5536403092513,0.191489968888512,30.8137499280934,4.1188714564984,4.67265701440397
89,-0.300761229267698,-26.2920962989111,10.1950467007115,-55.9901088769019,-18.5799291703035,32.2306520933812,-7.3744300863057,12.7384880662166,-0.118744325264494,29.8138753572402,4.92514266636534,4.24647224665969
90,-0.975792615282587,-26.1842290560152,7.47624128448932,-51.4818759351513,-17.3977000047921,37.473992364124,-6.80558109137525,12.8456750385554,-0.179790193446445,28.8733006298562,4.480042304704,4.38972883703146
91,-0.746525253009443,-26.8032322452668,5.47482546508246,-41.1576162482428,-18.1278400579034,37.4002421004915,-7.381103561456,13.7391672376232,0.375714593625273,26.8533640382811,4.49295910899583,4.43789274218632
92,-1.45491303036775,-27.0305460833262,0.893798559252628,-44.9840622379382,-16.0513254912111,40.0865044377345,-7.90084982229972,12.9843441925207,0.665157063733736,29.7523621547769,4.74924578075681,4.58234172167547
93,-2.36295574227865,-27.330076536499,0.0707973373635162,-30.2960443488266,-14.6029071708495,42.8018396109728,-7.8619059577323,14.6012683279791,1.11785248127517,30.0459976936169,4.69396395369565,3.16743176145833
94,-2.84248514016503,-26.9069116554462,2.41719036129094,-30.8808249820779,-12.1946216878229,45.7364607351521,-8.00187806610099,15.025289398986,1.31838588334725,30.4709016328971,4.56871726742213,2.37979220194607
95,-1.74835448347877,-26.6007732592292,1.26291793793712,-26.8560006461463,-13.2997104904288,46.6881462622647,-8.10056997176167,15.6076029557407,1.29216003896339,32.1420610288571,4.64349013442298,1.77375123706041
96,-1.4749805091445,-24.7393360332371,3.17571615483354,-20.1492819326555,-10.3759349196716,47.368201702723,-7.85337425023357,15.0766494999342,1.05727284294725,32.8142431994334,5.30045490125646,2.20541957027414
97,-0.886337836455335,-23.9201649272282,5.67256925264428,-20.1743203875705,-12.3094107621739,52.6213321761075,-5.91452207291271,15.8502235689431,0.713352754464137,32.9302408770798,5.58298149960136,2.93877132004722
98,-1.91950268517697,-25.4523581683987,5.47250258103099,-12.5781504590295,-12.1321231839216,51.7882931780886,-5.35210775009919,16.5355736979975,0.337352806559352,31.4156494470423,5.91347996014564,2.82166703889365
99,-2.35958926028343,-23.9652072447844,7.34516903096203,-15.1439737279395,-15.033799888149,48.1074196569392,-6.33844246853419,16.2714860823853,0.109772102848141,32.4629462137337,6.19480714621389,2.15881178450912
100,-1.39234586810133,-23.8059310221523,7.39592891549306,-8.65410321915934,-15.0134982679383,49.6868377114327,-5.11235351143633,15.6026543751656,0.333607586214639,32.9779694598429,5.99653104826263,2.39487023982145
101,-1.36460207069613,-23.7034862577673,7.94185154593908,-10.0512380459654,-16.5845818065033,46.8463619985171,-2.8776791586435,17.0616890025553,0.632726503918111,33.0745515793936,5.6003598201417,2.22719553537637
102,-1.78020209446767,-23.6198445613944,11.1687970859384,-14.4560128143337,-13.2832703384618,45.6147321582764,-3.5664663362891,16.2006955810801,0.923259450633394,32.2709070496832,5.79502538756744,1.80628770700706
103,-1.70579574433438,-25.0819631267392,10.9361889889852,-22.4333621221198,-9.73183595430592,45.7024439037849,-3.37356491324398,18.1255902648661,1.3008833434009,34.3962208596248,6.08635560592532,0.918783268850796
104,-1.63187709077965,-24.339399738,11.821415687713,-27.0472206577327,-10.1154366074179,45.3686331320126,-2.92184787753621,18.5990799373062,1.66817853361367,33.7141218880055,5.90499667880709,1.05731985077259
105,-0.777532425623841,-23.5428490536219,11.7876551093266,-20.571553851642,-8.21089282209738,47.3981486515593,-2.90865692978311,19.9306240658024,1.12265996177216,36.3554916217148,5.6388560164964,1.13786852167442
106,-0.837425024796228,-23.4518634039481,13.4185152933797,-14.7466161391853,-7.73494681615329,51.9671655228272,-2.54729718712371,19.0217686987853,0.989124814961456,35.7597408426393,5.95401232511944,0.994265991510854
107,-1.12471793224739,-23.2844681623622,13.7593455905541,-10.810241436265,-7.35592245295895,55.1982505821791,-2.0883852250198,19.5035020993183,1.62675136155058,35.7177886052158,5.67050772325213,0.702093471856065
108,-1.92837925956912,-22.8506046642723,13.2688504424551,-11.8954084907504,-4.30268977965598,52.3983778216697,-1.50309499940261,17.9423974655182,1.48530142391761,36.885541131021,5.53002177009142,0.324745593190682
109,-0.971411075810272,-23.2627460450106,12.6690672689745,-4.19897889937559,-4.93108533140327,54.1420687179817,-0.927292253020503,17.7310166742715,1.58073952353561,36.8750460298645,6.02762574455684,0.59535968186244
110,0.433547042333921,-24.0208060064102,14.1900578615131,-21.9695760155808,-3.07408909780026,56.0003826588124,-1.75543710230246,17.214985349592,1.51211171332833,36.7893715175737,5.73063295406178,0.375751904740499
111,-0.085708207937971,-22.4672653519572,17.7319626198743,-35.8568608077912,-3.16521074817423,57.3241803573983,-1.52272894603372,13.9443318649455,1.27415289128943,38.293445418919,6.04282743822837,-0.148110705416281
112,0.44643022776546,-23.1248551029186,16.5613856518261,-36.8297824572815,-3.20011023361358,53.0505515588674,-1.22120385622712,14.7273620789167,1.45836748729469,38.5333198591949,5.81121598451539,-0.565682185874026
113,-0.541560002501344,-24.0030523386514,15.0555459760568,-33.9315499110477,-3.51535283704931,50.2676149396756,-0.998165053646722,13.9991319579414,1.76805638109321,38.9211309126181,6.56011789967463,-0.752944705984999
114,-0.141747802134679,-25.520274247441,16.800743717626,-34.0873558636492,-5.56519916815048,48.2680484666473,-0.508715795404909,12.4774858211649,1.60620235384356,43.4763659625832,6.29196568495011,-0.616735097178799
115,-1.36836128476969,-25.8868161386348,18.8690442821827,-39.8108524296942,-3.66316948898256,47.0947488563263,-1.73836683479818,13.7019378502224,1.21195490998022,46.4006659806088,6.69797862841321,-0.117176033491034
116,-2.04599988173443,-24.4580529637243,19.3564702740727,-44.332985723171,-2.17724467551733,47.3503857342579,-1.17754766096151,14.6332898783737,1.22692802117505,50.5352428177375,7.07638701464596,-0.608555741038029
117,-1.09990111002933,-24.0270725253294,20.5703566896047,-32.6364071008418,-1.89354976953737,49.8651095064417,-1.85757108969404,14.4110225158601,1.59230286778922,51.0721714833817,6.73721176763029,-1.76769456851032
118,-0.639424020579966,-23.7657186540367,19.0003440799502,-37.1570551036306,-1.33563587243696,53.4276696030792,-1.32758957794319,13.1112945029982,1.65257928426188,53.9206338422971,6.67448251584272,-2.43080380037662
119,-1.14579044125111,-25.1156887624161,17.9898414132945,-29.982973643553,-3.15815534315386,54.525271044763,-2.00075314666359,12.6482232539991,1.55793312399223,54.0393485976865,6.56629032609347,-2.12976379362442
120,-1.49375680866707,-25.0825898851367,15.783969498302,-30.6842319830419,-2.04442428160566,52.0140173712816,-1.98426944680662,12.3620684566721,1.5547608714407,54.0923088591074,6.48281163794953,-1.40623587356132
121,-0.513878584020627,-25.0811809314153,17.669927274324,-31.3424097453909,-1.11876146549292,50.1464609947802,-2.40215144492782,11.2935689947297,2.20335183961753,53.7708052507707,6.21176345600457,-1.35604585044758
122,-0.537299811814122,-26.0601426287584,17.7886665688933,-31.4257057836624,-2.99676262394155,46.3276158036028,-1.63794081148873,11.4882600020738,2.31904283882337,54.047055891969,6.4316769299541,-2.19245331993916
123,-0.578508474342936,-26.9113505603833,18.0180126448597,-36.64683845457,-2.53444900215599,46.5268956199519,-1.65161583937408,10.4661068209245,1.96892950694568,55.3523133655247,6.88733485311719,-2.13258529930858
124,-0.996111307497162,-26.3974374598498,17.1495622137737,-35.3368483309002,-1.92905029228843,41.8996379714299,-1.34043242035728,8.69523636342193,2.14772110319882,55.0991591073439,6.02765876902124,-1.76984181228002
125,-0.115417664181359,-26.6764501675552,17.3951200456173,-37.3573957651829,0.777583206995962,43.5460868025519,-1.62749166556571,8.28096582260819,2.14731445227148,57.5881424124638,6.65468944849101,-1.630910947396
126,0.257039798758172,-28.1403803177835,18.2343941278198,-47.0116041144863,2.88681821003009,46.3989878824637,-2.24310037601464,5.75948663989827,2.56080025419951,57.5361161843013,6.63385111929899,-1.13709634215479
127,-1.10446151483496,-28.1575391266079,18.8132794985728,-50.0149149226261,4.51660158638664,48.0969308400443,-4.16736224735962,3.93242994229847,3.01975137345998,58.7579251458988,7.31082899306254,-1.79997871803137
128,-0.910877547698895,-29.1007502390327,20.6104303693536,-43.2350949795985,4.42652474146399,48.3519065361162,-4.60954951424082,3.86131321119758,3.26994836853369,60.5654930888567,7.02594575099449,-0.950826397967924
129,-0.556929238864461,-29.1304420946561,18.6805266701687,-44.9645830054682,0.780303601768799,48.6588341001881,-4.4053854914853,4.17981830119549,2.93325113531563,61.3087632674193,6.71409343198409,-1.03662553743116
130,-1.78997547567754,-28.2222018190073,17.2459247196687,-42.3498354122674,2.10970458624381,53.8006903209248,-4.23507577546329,4.4392293249932,2.72583209586674,63.5127381514192,6.40931443510777,-0.259830194467017
131,-1.6296457507614,-28.0599397016649,15.4690668761777,-41.9230439203977,1.5583666158798,56.27205465875,-2.72023457206566,5.6833153618247,2.70435503084271,58.4635375094204,6.38169728166526,0.606416482007051
132,-1.76939682041562,-28.6327866455737,15.6980730713237,-40.7570782518132,2.32513574747495,53.0928818634361,-1.96004664582784,6.12880256657805,2.84986467308811,59.5952687237051,6.89422796556976,0.967384773854222
133,-1.89459200851249,-29.517221163577,16.745166626873,-41.4732429714488,3.52471017053166,54.5083535102721,-3.52753850165858,5.98661432790092,2.54006146031081,61.0055195468603,7.1859236156905,1.43947961491551
134,-1.31913561260132,-29.433151419831,17.779722651478,-41.4877794257882,1.96232586405861,50.7426925656658,-2.63906323071715,5.03988392676179,2.51877418563218,62.1580362106244,6.80603190626788,1.92734238552815
135,-0.922585437327077,-29.6554123894336,19.9385850586677,-51.6902120597814,0.702519128350627,50.3584457170776,-2.82072234272201,5.87849037569168,2.99219022775872,64.286395975363,6.66481726291762,1.12497066941005
136,-1.32126956750734,-29.9287737480804,18.5521134973513,-50.1375708169046,1.46636505876355,48.2967480890577,-2.24639587875372,5.40214765496157,3.00246808478584,63.1546695933785,6.98609869437855,1.60606012416689
137,-2.3320485058624,-28.765190369244,18.2249384573922,-58.0968915278472,2.91355320205389,51.2799191250503,-1.23322786678306,5.88545620864201,3.04760324184831,62.3926939604813,7.24840669079996,1.14111569387025
138,-0.969852174139962,-29.4527302399859,16.6728052556751,-64.1683293123791,2.584030291177,48.1891226147473,-2.15927244674994,5.01410113223743,3.35897628119837,65.7059255596772,7.69977222382207,2.02898569097347
139,-1.81389949826501,-29.326231711453,15.4114739825255,-52.6340903310416,3.90401321218434,45.6246153872163,-2.33003696407017,4.64701777660401,3.06094738288061,64.0899458656223,7.89765346598835,1.70747432523393
140,-1.36079176142057,-29.7298664708578,15.2741943032817,-52.1763394313208,2.34966760016915,46.7454544271575,-1.92518018179357,4.40621797045992,3.43490363352235,61.7019677424106,7.36350029037388,2.3936771640242
141,-0.674010075882525,-30.7999848281858,15.9718711141667,-45.1182672407053,5.90171989481404,42.4309093789986,-2.01799528050842,4.57912978382534,3.31326435117917,57.8623251803999,7.90176315982552,2.54272474665259
142,-0.661133662022711,-28.0552305092118,14.1637974614681,-47.1450668379356,5.95499541840299,43.1933648586741,-2.61470440275182,3.54828015288814,2.91224522270275,58.4647394890202,8.10900485997069,1.85729264100142
143,-0.0555372068377706,-27.8903678937228,13.6152617089543,-44.0119017584071,5.24076073360978,43.6250123081035,-3.09868426793578,3.304474511359,3.13191655207743,58.0259045526657,8.07031730727175,1.89349974017992
144,-0.652741365016624,-27.7930806202164,11.6539578351703,-44.2169062188496,6.90442875599414,46.7730317183264,-3.20423922045338,3.97925690842224,3.11093788276824,58.4387126048742,8.38585608670608,1.62980137890222
145,-0.108872663634804,-28.7919042519226,11.5747594797093,-41.8223831026004,9.06169513449576,44.5239100191283,-3.50428477453383,3.89363476987026,2.7473059927838,59.9237639815576,8.36057576779953,1.70692203448452
146,-1.00407010804509,-29.9217405125651,11.452742726812,-44.1026775559831,8.48972897966297,46.0674798682293,-4.48144446187961,4.59581690570063,2.61855412990333,60.3479680063144,9.19614642217429,1.81242095371535
147,-1.00065813851328,-27.7081684844861,8.59376623589143,-44.0324168129791,9.54426559058245,45.6409482098179,-4.27590433666373,6.40425351098972,3.00656764659053,59.5546185298529,8.90482281589221,0.970303293730317
148,-0.214841517775925,-27.4435259372499,7.58794622125237,-52.2837846368347,9.37366316207832,46.7963336265717,-4.35298460315551,5.77155418938638,3.39148030060831,59.3565327539356,9.27568574960832,1.25309249324187
149,-0.213685667598914,-27.6200156450055,7.94393440948902,-45.4690360027651,12.3360245988152,48.1532479011809,-5.59209608287259,6.82542317289311,3.15491482083995,59.2315957872836,9.76372141647494,1.7591537471959
150,-1.1877549627616,-28.1877948593005,8.59956325738719,-49.4295272258219,8.44012858692289,41.8570124925456,-4.6872679518943,6.62817168646341,2.95085095649841,60.1626164808184,10.0663168603491,2.39624209344283
151,0.169271118572516,-28.2338665818706,6.18057553062777,-42.004733003912,10.3917484606264,40.925007523505,-4.39409955622733,7.60279100183732,2.90977295069298,61.3056906567673,9.50501224785589,2.21049058901141
152,-0.165860835421631,-27.9254585366995,10.4983509399056,-39.1950302339063,7.79661585373174,42.1255641014026,-4.21237308792805,8.24023041850395,3.08501739780563,64.7949151966274,8.6829604866836,1.62312223334976
153,0.310419003060366,-28.242165858667,9.65895178417212,-35.8444927296816,7.86444290749568,38.2158943169385,-4.17654852973918,7.07072055008299,2.75175872723554,67.3350720511947,8.6975627330781,2.06264330749801
154,0.153953348063206,-28.7656722308396,8.96490981080087,-29.8920433585345,7.66052725839446,33.9500710235133,-4.0319836784208,6.54214941633374,2.23926812546528,69.2268541510469,8.17497707178532,2.75357539174132
155,0.178101216461489,-28.9587193285187,7.37919921939791,-21.0625761231857,5.23257673201001,34.249800967048,-3.72235988987158,7.207026543262,2.20432111166764,71.0254393872558,8.19888935628204,2.41490717935566
156,-0.155764283473355,-29.804334015046,6.10605362804252,-12.7383022457448,4.73005481743682,34.8422148100532,-2.98309790046027,6.81549025494535,2.33981592584962,70.5708744201027,8.61672592491241,1.23343255101079
157,0.268174586769876,-28.1330374004664,3.73225567328622,-11.0689125997128,4.90306120687554,35.352500985472,-1.24471491508575,6.17185990935963,1.92438727404309,71.1928422950181,8.31757597520523,1.49015927986897
158,1.54865123434545,-28.0628928981788,4.67796744638158,-2.8732743072414,2.47991768020916,36.5688498365002,-2.27199111740081,4.19547707293211,2.50294225633184,73.6976044516482,8.10317000346948,1.01324676602663
159,0.601970272336333,-26.5486595144028,5.76578204532413,-18.3329951446032,3.74417166387012,35.0004197752601,-2.31077572926137,3.32767015455827,2.49909569854415,70.9783743168815,7.9787694925355,0.254966086846965
160,0.284178834763809,-25.8249587800516,4.82084770724561,-17.4438981080358,3.63270791562277,34.5082068840676,-1.76810635945736,4.27133745495966,2.33628309916263,72.3244032986289,7.9947386039537,-0.424626799156854
161,1.307728226397,-24.3622170961136,6.67354235894272,-21.4362774190679,3.57947465555643,32.9206411569619,-2.15382900056971,5.64692980753294,2.1909570911398,70.1328555414792,7.41919590349964,-0.719675032321537
162,1.54488403512432,-23.7482030862271,5.4862375201372,-16.2402293700635,2.19628393349332,29.20251228068,-3.62148793108156,6.61566947806794,1.61776633213606,66.2888429291239,7.92596227068638,-0.26029558508309
163,0.950852389014639,-23.9954516010146,7.97775157482183,-28.9394785962608,0.0791979254875561,24.0782563015085,-3.63590756358789,7.24617794417198,1.5725327957971,66.518063515635,7.69315832001491,-0.114002380927882
164,1.49120350551101,-24.145301043385,6.42737780105077,-21.9920063687114,-0.80656488715554,21.4708197885114,-3.70500047712153,6.53485592449314,2.18673107660667,70.3026336047234,7.52396376782102,-0.497730349143225
165,0.609169541400892,-22.6478364238652,6.28640751085027,-19.9627901748183,-1.11045638150018,19.9533760262973,-3.78868901129817,6.81071088600871,2.15095740872054,70.4936035063704,6.89853338256039,0.478739111863732
166,0.875533295634978,-24.2522151651137,9.32420884056107,-13.5762817358552,-1.99331115864178,24.6711975149517,-4.08697335023114,6.6038572056672,2.71912674009332,69.4227354012286,6.38810117620643,0.816914490796516
167,1.65582367102785,-24.2958179703917,6.98881207355079,-9.79125468771093,-2.63279845589057,30.3562028534077,-2.99510481290238,7.67681054574371,2.47511599741483,68.5582676736938,6.1537127040641,0.981685476273039
168,2.51538404314718,-24.348550469158,5.52600378283889,0.812186767045031,-2.13099184637692,32.5607686957305,-2.96305658862206,6.8504788349817,2.6167144434776,65.335065604231,5.72655535661976,0.893391243929596
169,1.44674120436596,-25.1673189340425,4.04810841619057,4.82495621595782,-2.94626965773969,35.1443310398586,-3.24690920677166,8.3150960204519,2.78769529370302,61.9632449658279,5.27824368298617,1.82189588059997
170,2.07001480235386,-25.8331106130137,3.51707482301824,14.6455384589475,-2.92869901549451,31.4798145416733,-1.96908287463897,8.10805234456721,2.48597681127645,64.175967245799,4.69118782538204,2.16430878269077
171,1.6161771303358,-25.8664072316321,1.88312234576084,6.00639592255423,-0.554426795855937,33.8803627533366,-1.85299837405123,8.22164351262982,2.50446376680743,62.4228444091796,4.96408490798869,2.01973799142264
172,2.29817428446026,-24.956138185882,0.664658600296192,-1.40427295294648,-2.04454905230803,35.2620971327479,-1.94048158738973,6.47054522793765,2.54192987009625,62.7594075937054,5.59864539188447,3.34955878623785
173,1.91209127572686,-24.5026523442087,1.21252932304964,1.23593450160335,-2.24168132000267,32.0430296950931,-1.90921935863317,8.04150190450531,2.76995904061194,64.2194721759885,6.05873059891895,3.18371479539269
174,1.53146500036955,-25.3219407297645,3.07109879838915,-2.03217186612904,-2.69515328706393,28.0237108342502,-1.81634722616089,6.43806469916002,2.87492666917007,63.1737660413723,6.51578951087286,4.56612492493611
175,1.7640671543151,-24.5963499942464,4.31060770920981,9.25112886761547,-4.94576859576936,30.4082280746309,-2.56898394331812,4.34343604893265,2.744558999464,65.3186169468499,6.65735741640912,4.32671365855636
176,1.71582237810137,-24.9198106856064,3.9426784285149,14.5856217426697,-6.29787919338029,32.1385908648677,-1.91233133733982,4.65780524648524,2.63636660855626,67.1510140813491,6.46061398319322,4.0271755031502
177,1.56440331704545,-23.2511399601534,3.33710598812042,10.9366109441612,-5.46140477075468,32.3460641078907,-2.79406527867224,3.95724979109459,2.29310269635717,65.1601691698678,6.63427069445756,3.77262111012736
178,1.39288182209661,-22.8863005930206,2.96487525341172,11.1860554380972,-3.73118306271502,28.6961109636946,-3.00214415849379,2.75503230893778,2.14589574263415,65.4434130717155,6.83590316987429,3.15513910962539
179,2.59127497014989,-22.7623825824442,2.46583206201501,5.97470277846649,-1.83476859675193,28.6815223043252,-2.79401901439639,3.79945630571401,1.94571907118504,63.0520719335827,6.58535903498431,2.80125822197841
180,2.6947301750576,-23.0158291823684,1.40280896009301,0.406044526714259,-2.90811975975092,28.7758681879471,-2.80073304737001,3.67980556749027,1.93654104776989,63.2060699810942,6.81345861332376,1.80953756365016
181,1.91703838981891,-22.9603250361499,-0.186657648456709,-3.63880754573289,-4.00511722150106,30.0995036354706,-2.67480168804591,4.1780687541758,1.94407145462899,61.2542708767622,6.66327332432285,2.03753061982105
182,2.30363213256606,-24.7394599798095,-0.120376831063338,-6.58389330083557,-2.65900117722666,28.0172078722773,-4.61434071719398,4.41474187187806,1.91829418652602,58.6234841623,6.38406784063021,2.19596256034225
183,2.40960635579088,-26.0132432417944,-0.174434891137482,-15.0670204621928,-1.15491014993366,27.4642378767178,-5.11690004996731,4.16367720003946,1.38332618385398,59.1707408564861,6.87172649870937,1.46164100708654
184,3.55155964272059,-25.5949428342824,-0.260215171003832,-11.8297356478146,-1.16170663161379,28.0086195844015,-6.98929922892929,3.85085595255761,1.62911379968357,57.4192809082482,6.43442638264651,1.4664011941829
185,2.77436678708692,-26.6092153108119,-1.47282058027769,-16.5936065617438,-2.54646988913222,26.7909228843689,-6.16811252806847,3.78744970872406,1.69370664586898,56.4696355189787,6.13899813896185,1.45564973560391
186,2.81080307140342,-27.0591321960107,1.00226339621491,-16.7552429009365,-2.15768979997939,22.296812245859,-7.06643748316157,3.70195977258453,1.21375594258789,54.8895711867723,6.34323441559793,1.37770729512964
187,2.62227284666687,-26.4955337764089,-0.408514181910868,-18.0377131251777,-1.55276849483127,16.9087793940444,-7.37413989263511,1.86068611478404,1.18567292880537,48.7224680264206,7.01418456245213,0.638041588343724
188,4.21599097604375,-27.8586452609424,-1.8129965539858,-20.4317403076859,-2.5443162402275,13.9260261064922,-8.56189658931238,2.55468169223086,1.42395038455169,50.317339612234,6.73049053123526,-0.0530399330000298
189,4.88946882783654,-27.4077017733532,-3.33209933561093,-23.0946063365186,-1.36736617719813,17.9240038256886,-7.69495482872596,2.23507084018487,2.11730689063394,46.6231449346749,6.80734738536062,0.633356904165912
190,4.3005503833958,-26.8436230437989,-3.87909494043824,-26.3260683298962,-2.10394618251994,20.9717676355883,-8.30389029640314,2.0318298401231,1.92384938964322,44.387475352341,6.61855638569444,0.455729015267284
191,3.11866062837079,-28.6530455337629,-3.57700730360504,-14.1800104272947,-3.79801349650659,14.0696130593948,-10.0939148601807,2.54652238829698,2.38867864178196,45.9309924379313,6.57471660863198,0.823011239087312
192,4.73889978963217,-28.3253769402735,-5.69499041268431,-21.3190142372558,-4.7550645118162,9.72341827506738,-11.1028202832903,1.24320434351177,2.57359674075337,46.8924809188772,7.10485090638972,1.47741124456437
193,4.9837781973534,-28.5368048878135,-5.21594807176084,-18.267877986694,-5.31238479222805,9.65172641119426,-10.0696487060583,0.545716698164026,2.76616280188916,45.679987790923,6.73818353746914,1.69741514406916
194,4.91527113908396,-27.3415779266589,-5.56860644003518,-20.858362007722,-6.83184425083107,7.39301159283366,-10.702843583678,2.03437591734508,2.61568912076483,47.0271332868497,7.49596823829706,2.10877408213096
195,5.53923694600858,-27.2019429783619,-4.92482642500163,-9.26994362555502,-3.64660109447159,12.3002669420406,-10.6034573015699,3.42173591479703,2.93818927776766,47.8223608556565,7.12552021241808,1.25929425823647
196,5.9525971918275,-26.0611905901583,-5.7235595878118,-16.0023931870724,-5.15488447546082,12.5447594327327,-10.4879468727376,3.07221628366998,2.89125206318059,44.8996999844039,7.76271115144375,1.32357008547892
197,6.18309292643548,-26.2618231766143,-8.80184707305565,-30.0049152240978,-7.26463755063387,11.3422825409613,-8.97973224120583,1.22209188701419,2.93970079966457,44.8917222195315,8.38426518113495,1.56233173067096
198,5.75950618567727,-24.3067172473086,-7.6709404619454,-29.0294172507058,-6.93870928638241,10.2791726992793,-9.21099798160832,-0.0841789707931127,3.23250289161446,46.6714490328698,8.06675675712361,0.248929926716046
199,6.25322856504232,-25.1856327800391,-7.95426201478834,-29.845416807887,-8.31625143789997,8.52095954308775,-8.67227618594979,0.140065209913449,3.09017396396054,46.9319073922847,8.23902280185365,-0.537938647863943
200,6.08898926867526,-25.0213465081935,-7.19524787945543,-23.8588405537151,-7.66108164441707,11.6886548795121,-8.25341778961765,0.42524515588916,3.21950735755948,46.1981953999425,9.30216218193298,-0.416600658810669
201,7.54545937070309,-25.8185063370119,-4.89079920602368,-26.3691281561108,-8.7024407142859,9.26612397537234,-10.5307168998581,-0.412001748822702,3.05238905258747,46.791758130124,8.48614084942859,-0.137908187274498
202,8.18198060163829,-26.2027813577433,-6.04169173162995,-23.6424175002291,-9.60361892538955,5.97876265574452,-11.2366836200514,0.00536292590916126,2.83460361402636,43.5479529408378,8.65312691314451,-1.08041791072045
203,8.59841335531407,-25.8000957203756,-5.65636982971419,-28.3889388322179,-7.5878951503387,5.02286805228737,-11.768456178716,-0.796211811986692,2.78922064442568,42.1179580412907,8.10664072402859,-0.704034594628484
204,8.4459024829511,-27.1537862001022,-6.46265359716683,-24.2549583674025,-8.23212100062144,5.56028820587052,-12.3742764022864,-1.11745317581304,3.00072657844178,38.792908490187,8.61698749264281,-0.226602996100408
205,8.57410132388148,-26.8920013289915,-7.14135349365639,-16.9743006092439,-8.85806670789128,6.28788135306714,-12.8865243049823,-0.139715602220382,2.6700814638407,37.7259901154869,8.64503398062623,0.255571465431494
206,9.23251563007193,-27.5485706179546,-9.33799922625666,-19.576775333921,-9.83748380656154,6.04288936569948,-13.5608788121239,0.607814527541974,2.7972858515155,36.2820099897098,8.4893841609622,-1.06861060882683
207,7.27495377854613,-27.1562266191759,-10.7455850997906,-23.4229177496236,-11.0301452425828,-2.41480112571246,-14.1582157236497,0.624729385622804,2.41055742122788,38.7543478969733,8.20706758379264,-1.68722208102679
208,7.72382612014698,-27.3157543913406,-14.2572244144509,-28.8915677989915,-13.4338615416173,-4.79576536603068,-13.760301795403,1.6915037691187,2.89792055383145,39.0810979380297,8.00393474298331,-0.676296532257675
209,6.39282794547772,-26.6060240104302,-14.5125126372846,-20.8109564072366,-14.7867729216448,-1.6756431946115,-13.3642589061837,1.75972233097191,2.90662614793988,36.6459449084134,7.77476422219657,0.590089167195584
210,6.87992936829361,-26.1589080433785,-14.5201926127171,-28.7934070726114,-17.3697114925401,-1.58721801296257,-13.1687232000697,1.65702717752818,3.0424172851873,35.2245430147155,8.32095492853688,-0.0816762045435432
211,7.30964444061791,-26.0165819008538,-10.3557993517851,-40.2451589342605,-19.7986069480285,-2.67535222883075,-12.902734365593,1.73330562973318,2.32930302045013,34.3597813004577,8.31262529951926,1.24793762529344
212,6.7109150398272,-24.9084239914009,-8.87744528604003,-41.5293042705136,-17.6852700416836,-4.55786694260451,-12.9900580852027,2.09186085093808,2.40508884245403,32.7772840713153,8.44896761989386,1.34891064712884
213,7.33632412523172,-26.3029161897503,-4.52343965803428,-43.2755793410678,-16.6844412269917,-4.82712297798597,-14.1106803457124,1.42667102016133,2.41098483862604,31.5261406408545,8.59384489258209,1.62478616587686
214,7.59122007691414,-26.7644365937022,-6.62417372537705,-48.7312168810735,-13.4207640982873,-3.7922294501238,-15.4945823288978,3.11686855508248,2.05123713312411,30.6425230517878,8.08536293726569,1.43220377180963
215,7.55219322555824,-27.9124012364324,-6.86047664125301,-53.8538469510499,-14.419724426377,-6.75461550100853,-15.3022798139001,2.91680493350411,2.43134847227667,29.9631065919665,8.07492794330878,1.85046444896098
216,8.47089412020044,-28.9197310365964,-9.95709127325289,-65.2892168126356,-14.885085897662,-1.67423409210856,-15.374809663298,3.18866233885849,2.5234386884809,30.0062737465942,8.69671794685155,1.83092048464081
217,9.2084759721748,-28.8074660207652,-5.52095438713892,-56.5112109045655,-12.9679959776527,-3.39384482024989,-15.5737267123315,3.09150989543426,2.58112205456712,31.6187186237324,9.37313648962289,1.16869566131695
218,9.68876015176076,-28.5544704410639,-6.99417257450269,-59.3170348283826,-12.6831517288655,-1.058234088503,-16.3950763786091,3.18256311125907,2.99982573029677,36.4213057626538,9.96210154579184,0.558855905409815
219,9.39448918683867,-26.3035436803839,-7.70889905022111,-58.7063670417275,-12.8381976107892,0.0722912271033351,-15.3289439389972,4.13917794865406,3.08552305124166,36.3681201756847,10.3132838227039,0.994722244372971
220,9.57861289369802,-25.544763344294,-8.53258345578597,-64.133511329215,-17.6651963885814,-5.39998936319724,-14.9528421571016,4.49621505112657,3.08422033737993,40.7609456984237,10.3377807149696,0.385252985380721
221,8.22125604066273,-27.0398974738822,-9.33623761705518,-65.11380688716,-20.4005288213161,-5.51269398687406,-14.1536240456408,4.27269720034632,3.24937268038223,42.2838167202249,9.53551985452945,0.8856825831808
222,6.86856239006407,-27.7671156301749,-10.5545409028715,-59.3286132565356,-23.237501668858,-4.07807480966075,-14.3709437423589,4.63442489339549,2.94450439965178,42.4982860134705,9.09940676327134,1.38849502570094
223,6.86026681257325,-28.8144104000066,-9.6602347126513,-59.3608741977235,-20.3071248068533,-2.38371176293004,-14.4597456652594,4.43740789433876,2.69305638665015,42.6466736148914,8.93907969621166,0.669673212455174
224,7.81237425847153,-28.1837682444479,-7.69923774071407,-70.1084859663118,-19.2668933205017,-2.70851644270877,-15.1451306794816,4.47936017757373,3.65312937158541,47.7201263252833,9.33817284325989,0.203199721075946
225,8.38775947583932,-28.7359273688519,-7.88186656978018,-54.8886445153474,-20.2903019776136,-1.86613881322243,-15.0179496672033,5.3500581789056,3.73959162612373,49.56035712463,8.86234329974434,0.41600963543939
226,7.78753572673698,-27.1498494978713,-8.546538443056,-50.0504657124381,-17.8100293888482,-0.761453311260806,-14.7721088973613,4.91062763594439,3.47063174323945,51.6039286227413,8.88761748316642,-0.190211335296587
227,7.93938002450273,-27.9154711777874,-7.78470359162092,-51.6906367007346,-18.044599172486,-5.56449409482194,-15.7926163196915,3.45412091011901,3.50973726010763,52.5823200639842,9.38445123382694,-0.0201837254493326
228,7.8516373497646,-28.93073674893,-6.67134088561016,-60.8996879610113,-14.8726743505561,-2.11152198316412,-15.7946966121714,4.45952020451305,3.51925410539549,50.0438954664453,8.82354422527967,0.539011855155566
229,8.67000731675603,-29.6564315443377,-5.92248279312936,-45.1187256361503,-12.9970338421291,-0.409901844270996,-15.6060909405047,5.21066318677117,4.2240038744643,51.5294483118438,8.19451937411695,0.670567593838542
230,8.59501370783232,-28.4866740285956,-6.95199230499857,-43.5368428478215,-14.0698497977204,1.06701804770818,-15.6462706336529,7.10679788745634,4.45456737227721,50.1301072697878,8.72263535465733,0.594106051101767
231,7.79961838109115,-27.1725443936458,-3.24886026930259,-47.9638117639079,-15.6859463478624,1.13629676834169,-14.6669123152387,9.00925371776014,4.25997875931135,48.4481173528674,8.82647224834763,-0.2468685284515
232,8.8040658848056,-28.0985214642935,-2.82578324432075,-39.4035289201568,-17.1836708853087,6.45138642858919,-14.6095000688218,8.05296655714555,4.17081967142533,50.2688384189483,8.88659297700741,-0.263338908522231
233,8.09753505197826,-28.5967241024897,-1.24206045120164,-36.4942943256142,-17.2804512255107,10.0355609241193,-14.2679317370487,8.23411640940378,4.27470700109335,50.8200623608443,9.52309641042426,-1.16257006545755
234,7.415843057899,-29.392708509195,1.41076906499153,-39.0041304355412,-21.1557496101135,12.6173710666542,-14.5797614453009,7.2781502775819,4.64112969846537,49.1780128218919,9.92421738500263,-1.40248042061881
235,6.71305274797126,-28.5478016495376,1.14960498618777,-36.6170285367803,-22.9120271810527,12.1934568601492,-15.2680004233915,8.69756181205571,4.42137072376803,46.9306889189428,10.6742856120687,-1.60673695667076
236,6.45756677997446,-28.1462751122999,-0.104512449948207,-24.9003432836657,-24.9179749259559,16.8603142550463,-16.4153259789144,6.84397368887138,3.96701430777306,49.1985988387831,11.2278958458742,-0.562066732511469
237,6.00823823783255,-28.9615707783084,-2.12887543609978,-41.8636832414725,-23.9511854072166,17.4143698062637,-16.1336084405087,5.50612691760577,3.88097408793031,49.4727755179291,11.2038908811224,-0.612616403898852
238,6.53142018637161,-28.2831214121189,-1.61596036681263,-47.0158959018193,-25.1266773634629,14.7671058397916,-15.7765501901163,5.01116919017712,3.82727241860179,48.729973457794,11.1836604955731,0.410937373738491
239,6.88965033823634,-27.372421086338,-6.22215687911678,-46.0934367864333,-21.4546305097535,12.4403436732846,-16.6379203168077,4.48025676847101,3.58816432040351,48.3066861982851,10.5490053298182,-0.965917705066312
240,7.09358129490505,-27.1734074821685,-8.73499444324763,-53.8629602900925,-20.7880718235367,8.07613504698326,-16.2397777993164,4.18244456378034,3.5177008966045,48.7777982944851,10.3265318557389,-0.219979753189047
241,8.49967966068843,-27.1176857539773,-5.60220858410732,-60.4708472045633,-16.3207541282411,10.6595107790982,-16.8606149380969,5.47745997140925,3.56685521430667,49.8893880538755,10.8009606603332,-0.296854335566103
242,6.50427438426738,-28.5948984325945,-6.13580514153893,-67.0565285397427,-17.0934095277201,7.52234813759236,-17.1227301120676,4.63392869469062,3.02680872071305,51.1422089614193,10.5806719105507,0.140705743875229
243,6.89652964808634,-29.3210828781506,-7.33426766085575,-78.0075892310547,-13.0143693325439,3.45568498492438,-18.0660742112202,6.38336972386757,3.46551083361958,53.5113504806438,11.1653600533606,0.207942682782914
244,6.10893274873447,-29.5807150345582,-5.75974150461575,-79.6022277615895,-10.9840925380425,6.79649348764658,-18.2647501481701,5.80982492467688,2.6380320491901,54.2570404694436,10.9916399765588,0.116076552006115
245,6.55340865426848,-29.1119705957107,-7.61244231266717,-77.1538833828596,-9.60780689544818,6.26185689827063,-18.8887163239408,7.45930330152804,2.06085635522545,55.403916552098,10.3164895938399,0.282070082976677
246,5.8475531288257,-29.307262664068,-5.5641950547231,-83.0597009187737,-9.53045611347939,8.68632490882426,-17.9553962332135,6.11558645984685,2.31308500669048,53.3213043012745,10.4073209905988,1.22955295321195
247,6.5033500045639,-28.5770653921981,-6.33547799889458,-89.859570698289,-12.0833185488456,8.28751942147158,-17.7078655164456,5.28229177992904,3.13165102501307,51.5890207266699,10.2410374748375,0.410541293625405
248,6.96435341368423,-27.9060117909057,-2.00473310321443,-81.3998006892982,-10.6204660271072,2.75462135769155,-16.2902496427836,4.32905551735937,2.94010960338466,51.1333438416148,10.7084780441213,0.811829303880385
249,7.33466029299735,-27.766698326354,-1.00978580806287,-71.1349345528916,-15.0067728028561,1.08678145856889,-15.9796349126864,4.73633630691783,2.61654574045869,53.3078713283469,10.5054651383186,0.322624704311767
250,7.03655943788138,-30.2003643297913,-0.346040081675793,-61.0490590598041,-16.0844032617841,4.08707289192883,-16.2669507560821,4.91170016271996,2.54985166361778,50.6733594996622,11.0811012202599,0.654881741894977
251,6.85261770745472,-29.1791904358398,1.25790092359457,-61.7858987895648,-14.7274817532407,6.81235421724551,-16.318485489857,6.02996889425476,2.54268075334927,50.3661424223459,10.8079959671651,0.8620749365032
252,7.23872696949258,-29.9732429792889,-1.67013478357055,-62.4594419444346,-16.8731897297481,5.04234178649462,-15.9330003820675,5.67394622808522,2.62168084242943,49.7340292595502,10.7999850822801,0.930354963339034
253,7.52165681591199,-30.8724180942314,0.10689595604929,-50.1970080132929,-19.0449040565635,9.01972944158389,-16.6620460253987,6.7881809771911,2.94381793711354,50.9599543181127,10.7265831378772,0.644126433734938
254,6.50494204165474,-32.8306299322076,3.52906392380481,-40.8391151769366,-19.4373132551312,9.47301116268261,-16.3767478032029,8.28758437403791,3.23851258271407,52.0706637652715,10.0045364929527,0.929484602919876
255,5.94009242529881,-31.8720941318736,2.63111862242042,-36.8123640216984,-18.7543221675218,14.4209194124034,-16.4836914869506,9.40983441568246,3.58884887487906,52.6830669983298,10.3260303391684,1.39970488553178
256,5.65951983679565,-29.6974499992929,2.35214878106346,-21.4508241367974,-17.7288418187744,10.6443615146694,-16.761764099687,9.44646386941623,3.79911913916392,51.5865427357268,10.3877932654588,2.21726062283722
257,4.33476404807829,-29.9169774584252,4.17260286366589,-11.806992623229,-18.5389101720373,10.257704350317,-17.7539656947941,8.70805008747317,3.53745010100895,49.5289138627311,10.7007599494603,2.38299236500121
258,4.39444432167545,-30.1197282216667,3.57400700467848,-6.83410524931164,-16.0965187578641,9.26903283397007,-16.7400290833609,8.14661734560658,4.0232530111767,52.5831293560224,10.1407684645525,2.92967607272223
259,4.90295215925885,-29.9836660093439,1.85120590715809,-9.02695537734929,-17.6623423340001,12.2186598067686,-15.9617876885351,6.74114890402108,4.50139063424648,55.2697830106365,10.2634247821144,2.60920014094574
260,5.256361527859,-28.2537986993657,0.639810902351148,4.35694698288686,-16.3728965600503,4.34643088975556,-15.9752007202614,5.42631807922973,4.35021662680429,53.411896669472,10.0555528641166,2.47575545928476
